Time,In,Out
1574274910.122546,0,0
Time,In,Out
1574275129.6591642,0,0
Time,In,Out
1574275207.135451,0,0
Time,In,Out
1574276515.9559178,0,0
