Time,In,Out
1573134008.9511569,0,0
Time,In,Out
1573134053.5756657,0,0
