Time,In,Out
1577456649.8889284,0,0
Time,In,Out
1577458609.7485747,0,0
Time,In,Out
1577459199.2238786,0,0
