Time,In,Out
1580308985.1667373,0,0
Time,In,Out
1580309023.2822042,0,0
Time,In,Out
1580309103.1551118,0,0
Time,In,Out
1580309165.2956371,0,0
