Time,In,Out
1574348998.297336,0,0
Time,In,Out
1574353218.336216,0,0
