Time,In,Out
1578052944.6174705,0,0
Time,In,Out
1578053023.428195,0,0
Time,In,Out
1578053184.6691632,0,0
Time,In,Out
1578055029.8592365,0,0
Time,In,Out
1578057322.3385606,0,0
Time,In,Out
1578057634.3818393,0,0
