Time,In,Out
1573636318.2270813,0,0
Time,In,Out
1573638419.5381563,0,0
Time,In,Out
1573647932.275632,0,0
